{
    "$schema": "https://raw.githubusercontent.com/microsoft/pyright/main/packages/vscode-pyright/schemas/pyrightconfig.schema.json",
    "typeshedPath": ".",
    "include": [
        "stdlib",
        "stubs",
    ],
    "exclude": [
        // test cases use a custom pyrightconfig file
        "stubs/**/@tests/test_cases",
        "stdlib/distutils/command",
        "stdlib/distutils/dist.pyi",
        "stdlib/importlib/readers.pyi",
        "stdlib/lib2to3/fixes/*.pyi",
        "stdlib/numbers.pyi",
        "stdlib/_tkinter.pyi",
        "stdlib/tkinter/__init__.pyi",
        "stdlib/tkinter/filedialog.pyi",
        "stdlib/tkinter/messagebox.pyi",
        "stdlib/tkinter/tix.pyi",
        "stdlib/tkinter/ttk.pyi",
        "stdlib/xml/dom/NodeFilter.pyi",
        "stdlib/xml/dom/expatbuilder.pyi",
        "stdlib/xml/dom/minidom.pyi",
        "stdlib/xml/dom/pulldom.pyi",
        "stdlib/xml/sax",
        "stubs/antlr4-python3-runtime",
        "stubs/aws-xray-sdk",
        "stubs/beautifulsoup4",
        "stubs/bleach",
        "stubs/boltons",
        "stubs/boto",
        "stubs/braintree",
        "stubs/caldav",
        "stubs/cffi",
        "stubs/click-default-group",
        "stubs/commonmark",
        "stubs/dateparser",
        "stubs/defusedxml",
        "stubs/docutils",
        "stubs/Flask-SocketIO",
        "stubs/fpdf2",
        "stubs/google-cloud-ndb",
        "stubs/html5lib",
        "stubs/httplib2",
        "stubs/humanfriendly",
        "stubs/influxdb-client",
        "stubs/jmespath",
        "stubs/jsonschema",
        "stubs/ldap3",
        "stubs/Markdown",
        "stubs/mysqlclient",
        "stubs/networkx",
        "stubs/oauthlib",
        "stubs/openpyxl",
        "stubs/passlib",
        "stubs/peewee",
        "stubs/pexpect",
        "stubs/pika",
        "stubs/Pillow",
        "stubs/protobuf",
        "stubs/psutil",
        "stubs/psycopg2",
        "stubs/pyasn1",
        "stubs/pyflakes",
        "stubs/Pygments",
        "stubs/PyMySQL",
        "stubs/python-dateutil",
        "stubs/python-jose",
        "stubs/pywin32",
        "stubs/pyxdg",
        "stubs/PyYAML",
        "stubs/qrcode",
        "stubs/redis",
        "stubs/requests",
        "stubs/requests-oauthlib",
        "stubs/setuptools",
        "stubs/stripe",
        "stubs/tqdm",
        "stubs/ttkthemes",
        "stubs/vobject",
        "stubs/WebOb",
        "stubs/workalendar",
    ],
    "typeCheckingMode": "strict",
    // TODO: Complete incomplete stubs
    "reportIncompleteStub": "none",
    // Extra strict settings
    "reportCallInDefaultInitializer": "error",
    "reportImplicitStringConcatenation": "error",
    "reportUnnecessaryTypeIgnoreComment": "error",
    // Leave "type: ignore" comments to mypy
    "enableTypeIgnoreComments": false,
    // No effect in stubs
    "reportMissingSuperCall": "none",
    "reportUninitializedInstanceVariable": "none",
    // stdlib stubs trigger reportShadowedImports
    "reportShadowedImports": "none",
    // Stubs are allowed to use private variables
    "reportPrivateUsage": "none",
    // Stubs don't need the actual modules to be installed
    "reportMissingModuleSource": "none",
    // Incompatible overrides and property type mismatches are out of typeshed's control
    // as they are inherited from the implementation.
    "reportIncompatibleMethodOverride": "none",
    "reportIncompatibleVariableOverride": "none",
    "reportPropertyTypeMismatch": "none",
    // Overlapping overloads are often necessary in a stub, meaning pyright's check
    // (which is stricter than mypy's; see mypy issue #10143 and #10157)
    // would cause many false positives and catch few bugs.
    "reportOverlappingOverload": "none",
    // The name of the self/cls parameter is out of typeshed's control.
    "reportSelfClsParameterName": "none",
    // Not actionable in typeshed
    "reportDeprecated": "none",
}
